1|2|1|proba-barsa spanija|0|5/9/2024 12:00:00 AM
2|2|2|proba cg|0|11/9/2023 12:00:00 AM
3|8|3|probica|0|2/10/2024 12:00:00 AM
4|2|4|probica za datum|0|5/28/2024 10:31:34 AM
5|2|4|probica za datum|0|5/22/2024 10:31:34 AM
6|2|4|prhbibm|0|5/10/2024 10:31:34 AM
7|2|4|proba za forum 4 id usera je 2|0|5/28/2024 12:43:51 PM
8|2|4|probicaaaa|0|5/28/2024 5:23:17 PM
8|1|4|uigi|0|5/22/2024 5:23:17 PM
9|1|4|probicaaaa|0|5/23/2024 5:23:17 PM
10|5|4|hoihh|0|5/18/2024 5:23:17 PM
11|5|4|to je to|0|5/8/2024 5:23:17 PM